                  epoch,         train/box_loss,         train/cls_loss,         train/dfl_loss,   metrics/precision(B),      metrics/recall(B),       metrics/mAP50(B),    metrics/mAP50-95(B),           val/box_loss,           val/cls_loss,           val/dfl_loss,                 lr/pg0,                 lr/pg1,                 lr/pg2
                      1,                 7.1742,                 77.833,                 4.7157,                      0,                      0,                      0,                      0,                0.39675,                 189.16,                0.22438,               8.33e-06,               8.33e-06,               8.33e-06
                      2,                 6.1587,                 119.46,                 3.8126,                      0,                      0,                      0,                      0,                0.39488,                 189.13,                0.22338,             2.0042e-05,             2.0042e-05,             2.0042e-05
                      3,                 7.1503,                 55.518,                 4.6819,                      0,                      0,                      0,                      0,                0.39306,                 189.12,                0.22241,             2.5157e-05,             2.5157e-05,             2.5157e-05
                      4,                 7.1813,                    109,                 4.5429,                      0,                      0,                      0,                      0,                0.39123,                 189.17,                0.22145,             2.3674e-05,             2.3674e-05,             2.3674e-05
                      5,                 5.2925,                 79.184,                 3.4305,                      0,                      0,                      0,                      0,                0.38934,                 189.22,                0.22045,             1.5594e-05,             1.5594e-05,             1.5594e-05
